N,Performance,Gender,Caste,coaching,time,Class_ten_education,twelve_education,medium,Class_ X_Percentage,Class_XII_Percentage,Father_occupation,Mother_occupation
0,Excellent,male,General,NO,ONE,SEBA,AHSEC,ENGLISH,Excellent,Excellent,DOCTOR,OTHERS
1,Excellent,male,OBC,WA,TWO,SEBA,AHSEC,OTHERS,Excellent,Excellent,SCHOOL_TEACHER,HOUSE_WIFE
2,Excellent,male,OBC,OA,TWO,OTHERS,CBSE,ENGLISH,Excellent,Excellent,BUSINESS,HOUSE_WIFE
3,Excellent,male,General,WA,ONE,SEBA,AHSEC,OTHERS,Excellent,Excellent,SCHOOL_TEACHER,SCHOOL_TEACHER
4,Excellent,male,General,OA,TWO,SEBA,CBSE,ENGLISH,Excellent,Excellent,COLLEGE_TEACHER,HOUSE_WIFE
5,Excellent,male,General,WA,TWO,CBSE,CBSE,ENGLISH,Excellent,Excellent,COLLEGE_TEACHER,HOUSE_WIFE
6,Excellent,female,General,OA,ONE,CBSE,CBSE,ENGLISH,Excellent,Excellent,DOCTOR,DOCTOR
7,Excellent,male,OBC,NO,ONE,SEBA,AHSEC,ENGLISH,Excellent,Excellent,OTHERS,HOUSE_WIFE
8,Excellent,female,General,NO,ONE,SEBA,AHSEC,ENGLISH,Excellent,Excellent,BUSINESS,HOUSE_WIFE
9,Excellent,female,General,OA,TWO,CBSE,CBSE,ENGLISH,Excellent,Excellent,COLLEGE_TEACHER,HOUSE_WIFE
10,Excellent,male,General,OA,ONE,CBSE,CBSE,ENGLISH,Excellent,Excellent,BUSINESS,HOUSE_WIFE
11,Excellent,male,General,NO,ONE,CBSE,CBSE,ENGLISH,Excellent,Excellent,DOCTOR,DOCTOR
12,Excellent,female,General,WA,TWO,SEBA,AHSEC,ENGLISH,Excellent,Excellent,BANK_OFFICIAL,SCHOOL_TEACHER
13,Excellent,male,General,NO,TWO,SEBA,AHSEC,ENGLISH,Excellent,Excellent,BUSINESS,HOUSE_WIFE
14,Excellent,male,General,WA,ONE,SEBA,CBSE,ENGLISH,Excellent,Excellent,OTHERS,HOUSE_WIFE
15,Excellent,male,General,WA,TWO,CBSE,CBSE,ENGLISH,Excellent,Excellent,OTHERS,HOUSE_WIFE
16,Excellent,male,General,NO,ONE,CBSE,CBSE,ENGLISH,Excellent,Excellent,OTHERS,COLLEGE_TEACHER
17,Excellent,female,General,OA,TWO,CBSE,CBSE,ENGLISH,Excellent,Excellent,ENGINEER,HOUSE_WIFE
18,Excellent,male,General,WA,TWO,SEBA,AHSEC,ENGLISH,Excellent,Excellent,SCHOOL_TEACHER,SCHOOL_TEACHER
19,Excellent,male,General,OA,ONE,SEBA,CBSE,ENGLISH,Excellent,Excellent,BUSINESS,SCHOOL_TEACHER
20,Excellent,female,OBC,NO,ONE,SEBA,AHSEC,ASSAMESE,Excellent,Excellent,COLLEGE_TEACHER,COLLEGE_TEACHER
21,Excellent,male,General,NO,ONE,SEBA,AHSEC,OTHERS,Vg,Vg,BANK_OFFICIAL,SCHOOL_TEACHER
22,Excellent,male,General,WA,ONE,SEBA,AHSEC,ENGLISH,Excellent,Excellent,COLLEGE_TEACHER,SCHOOL_TEACHER
23,Excellent,male,General,NO,ONE,OTHERS,CBSE,ENGLISH,Excellent,Excellent,ENGINEER,HOUSE_WIFE
24,Excellent,male,General,OA,TWO,CBSE,CBSE,ENGLISH,Excellent,Excellent,BUSINESS,HOUSE_WIFE
25,Excellent,female,General,WA,TWO,SEBA,AHSEC,ENGLISH,Excellent,Excellent,SCHOOL_TEACHER,OTHERS
26,Excellent,female,General,WA,TWO,SEBA,AHSEC,ENGLISH,Excellent,Excellent,COLLEGE_TEACHER,COLLEGE_TEACHER
27,Excellent,male,General,OA,TWO,OTHERS,OTHERS,ENGLISH,Excellent,Vg,DOCTOR,OTHERS
28,Excellent,female,General,WA,TWO,SEBA,AHSEC,ENGLISH,Excellent,Vg,OTHERS,COLLEGE_TEACHER
29,Excellent,female,General,NO,TWO,SEBA,AHSEC,ASSAMESE,Good,Vg,SCHOOL_TEACHER,HOUSE_WIFE
30,Excellent,female,General,NO,ONE,CBSE,CBSE,ENGLISH,Excellent,Excellent,COLLEGE_TEACHER,SCHOOL_TEACHER
31,Excellent,male,General,WA,TWO,SEBA,AHSEC,ENGLISH,Excellent,Excellent,ENGINEER,HOUSE_WIFE
32,Excellent,female,General,NO,TWO,SEBA,AHSEC,ENGLISH,Excellent,Excellent,OTHERS,HOUSE_WIFE
33,Excellent,male,General,WA,TWO,SEBA,AHSEC,ASSAMESE,Excellent,Excellent,OTHERS,HOUSE_WIFE
34,Excellent,male,OBC,NO,ONE,CBSE,CBSE,ENGLISH,Excellent,Excellent,BUSINESS,OTHERS
35,Excellent,female,General,OA,TWO,CBSE,AHSEC,ENGLISH,Excellent,Excellent,BUSINESS,HOUSE_WIFE
36,Excellent,male,General,OA,TWO,CBSE,CBSE,ENGLISH,Excellent,Excellent,DOCTOR,COLLEGE_TEACHER
37,Excellent,male,General,WA,TWO,SEBA,AHSEC,ENGLISH,Excellent,Excellent,BUSINESS,HOUSE_WIFE
38,Excellent,male,General,NO,TWO,CBSE,CBSE,ENGLISH,Excellent,Excellent,OTHERS,HOUSE_WIFE
39,Excellent,male,General,WA,TWO,CBSE,CBSE,ENGLISH,Excellent,Vg,ENGINEER,HOUSE_WIFE
40,Excellent,female,General,WA,TWO,SEBA,AHSEC,ENGLISH,Excellent,Excellent,DOCTOR,COLLEGE_TEACHER
41,Excellent,male,General,WA,TWO,SEBA,AHSEC,OTHERS,Good,Good,SCHOOL_TEACHER,SCHOOL_TEACHER
42,Excellent,male,General,WA,TWO,CBSE,CBSE,ENGLISH,Excellent,Excellent,BANK_OFFICIAL,HOUSE_WIFE
43,Excellent,female,General,OA,ONE,OTHERS,CBSE,ENGLISH,Excellent,Excellent,BUSINESS,HOUSE_WIFE
44,Excellent,male,SC,OA,TWO,CBSE,CBSE,ENGLISH,Excellent,Excellent,OTHERS,HOUSE_WIFE
45,Excellent,male,SC,WA,TWO,SEBA,AHSEC,OTHERS,Excellent,Vg,OTHERS,HOUSE_WIFE
46,Excellent,female,General,NO,TWO,CBSE,CBSE,ENGLISH,Excellent,Excellent,COLLEGE_TEACHER,SCHOOL_TEACHER
47,Excellent,female,General,WA,TWO,CBSE,CBSE,ENGLISH,Excellent,Excellent,OTHERS,SCHOOL_TEACHER
48,Excellent,female,General,WA,TWO,CBSE,CBSE,ENGLISH,Excellent,Excellent,OTHERS,OTHERS
49,Excellent,male,General,WA,TWO,CBSE,CBSE,ENGLISH,Excellent,Excellent,DOCTOR,DOCTOR
50,Excellent,male,General,WA,TWO,CBSE,CBSE,ENGLISH,Excellent,Excellent,ENGINEER,HOUSE_WIFE
51,Excellent,male,OBC,WA,TWO,SEBA,CBSE,ENGLISH,Excellent,Excellent,ENGINEER,HOUSE_WIFE
52,Excellent,female,General,WA,THREE,SEBA,AHSEC,OTHERS,Vg,Vg,OTHERS,HOUSE_WIFE
53,Excellent,female,General,WA,TWO,OTHERS,CBSE,ENGLISH,Excellent,Excellent,ENGINEER,HOUSE_WIFE
54,Excellent,male,SC,OA,TWO,SEBA,AHSEC,ENGLISH,Good,Good,BUSINESS,HOUSE_WIFE
55,Excellent,male,General,WA,THREE,SEBA,AHSEC,ASSAMESE,Excellent,Good,COLLEGE_TEACHER,HOUSE_WIFE
56,Excellent,male,General,NO,TWO,CBSE,CBSE,ENGLISH,Excellent,Good,BANK_OFFICIAL,HOUSE_WIFE
57,Excellent,male,General,OA,TWO,SEBA,AHSEC,ENGLISH,Excellent,Vg,SCHOOL_TEACHER,HOUSE_WIFE
58,Excellent,female,General,WA,TWO,SEBA,AHSEC,ASSAMESE,Excellent,Excellent,BUSINESS,HOUSE_WIFE
59,Excellent,male,General,WA,TWO,SEBA,AHSEC,OTHERS,Excellent,Excellent,OTHERS,HOUSE_WIFE
60,Excellent,male,General,WA,TWO,CBSE,CBSE,ENGLISH,Excellent,Excellent,DOCTOR,SCHOOL_TEACHER
61,Excellent,female,General,WA,TWO,CBSE,CBSE,ENGLISH,Excellent,Excellent,ENGINEER,HOUSE_WIFE
62,Excellent,male,General,WA,TWO,SEBA,AHSEC,ENGLISH,Excellent,Excellent,ENGINEER,COLLEGE_TEACHER
63,Excellent,female,General,WA,TWO,CBSE,CBSE,ENGLISH,Excellent,Excellent,OTHERS,OTHERS
64,Excellent,female,General,WA,TWO,SEBA,AHSEC,ENGLISH,Excellent,Excellent,ENGINEER,HOUSE_WIFE
65,Excellent,male,OBC,WA,ONE,SEBA,AHSEC,ASSAMESE,Average,Average,BUSINESS,OTHERS
66,Excellent,male,General,NO,TWO,CBSE,AHSEC,ENGLISH,Excellent,Excellent,OTHERS,HOUSE_WIFE
67,Excellent,male,OBC,NO,ONE,CBSE,CBSE,ENGLISH,Excellent,Excellent,OTHERS,HOUSE_WIFE
68,Excellent,female,General,WA,TWO,CBSE,CBSE,ENGLISH,Excellent,Excellent,OTHERS,HOUSE_WIFE
69,Excellent,female,General,OA,TWO,CBSE,CBSE,ENGLISH,Excellent,Excellent,OTHERS,HOUSE_WIFE
70,Excellent,male,OBC,WA,TWO,SEBA,AHSEC,OTHERS,Good,Good,OTHERS,HOUSE_WIFE
71,Excellent,male,General,WA,ONE,OTHERS,OTHERS,ENGLISH,Excellent,Good,OTHERS,OTHERS
72,Excellent,male,OBC,OA,TWO,OTHERS,OTHERS,OTHERS,Vg,Vg,BUSINESS,HOUSE_WIFE
73,Excellent,male,General,WA,THREE,SEBA,AHSEC,ASSAMESE,Vg,Good,OTHERS,SCHOOL_TEACHER
74,Excellent,male,General,OA,TWO,CBSE,CBSE,ENGLISH,Excellent,Vg,SCHOOL_TEACHER,SCHOOL_TEACHER
75,Excellent,male,General,WA,ONE,CBSE,CBSE,ENGLISH,Excellent,Excellent,OTHERS,COLLEGE_TEACHER
76,Excellent,female,General,WA,THREE,SEBA,AHSEC,OTHERS,Excellent,Excellent,SCHOOL_TEACHER,HOUSE_WIFE
77,Excellent,male,General,OA,TWO,CBSE,CBSE,ENGLISH,Excellent,Excellent,OTHERS,HOUSE_WIFE
78,Excellent,female,General,WA,TWO,CBSE,CBSE,ENGLISH,Excellent,Excellent,DOCTOR,OTHERS
79,Excellent,male,General,WA,TWO,SEBA,AHSEC,ENGLISH,Excellent,Excellent,OTHERS,SCHOOL_TEACHER
80,Excellent,female,General,WA,TWO,CBSE,CBSE,ENGLISH,Excellent,Vg,OTHERS,HOUSE_WIFE
81,Excellent,male,General,OA,ONE,SEBA,CBSE,ENGLISH,Excellent,Excellent,DOCTOR,HOUSE_WIFE
82,Excellent,male,General,OA,TWO,CBSE,CBSE,ENGLISH,Excellent,Excellent,OTHERS,HOUSE_WIFE
83,Excellent,male,General,WA,ONE,OTHERS,CBSE,ENGLISH,Excellent,Excellent,DOCTOR,HOUSE_WIFE
84,Excellent,female,OBC,WA,TWO,SEBA,CBSE,ENGLISH,Excellent,Excellent,SCHOOL_TEACHER,HOUSE_WIFE
85,Excellent,male,General,NO,ONE,SEBA,AHSEC,OTHERS,Average,Good,OTHERS,HOUSE_WIFE
86,Excellent,male,OBC,WA,TWO,SEBA,AHSEC,ENGLISH,Excellent,Excellent,OTHERS,HOUSE_WIFE
87,Excellent,female,OBC,WA,TWO,CBSE,CBSE,ENGLISH,Excellent,Excellent,OTHERS,HOUSE_WIFE
88,Excellent,female,General,WA,ONE,CBSE,CBSE,ENGLISH,Excellent,Excellent,OTHERS,SCHOOL_TEACHER
89,Excellent,male,General,OA,TWO,SEBA,CBSE,ENGLISH,Excellent,Excellent,ENGINEER,HOUSE_WIFE
90,Excellent,male,General,WA,TWO,SEBA,AHSEC,OTHERS,Good,Excellent,CULTIVATOR,HOUSE_WIFE
91,Excellent,male,General,OA,TWO,SEBA,CBSE,ENGLISH,Excellent,Excellent,BUSINESS,HOUSE_WIFE
92,Excellent,male,General,WA,THREE,SEBA,CBSE,ENGLISH,Vg,Good,OTHERS,OTHERS
93,Excellent,female,General,WA,TWO,SEBA,AHSEC,ASSAMESE,Good,Average,SCHOOL_TEACHER,SCHOOL_TEACHER
94,Excellent,male,General,WA,TWO,SEBA,AHSEC,ENGLISH,Excellent,Excellent,ENGINEER,BANK_OFFICIAL
95,Excellent,female,General,WA,TWO,CBSE,CBSE,ENGLISH,Excellent,Excellent,OTHERS,HOUSE_WIFE
96,Excellent,male,General,OA,TWO,SEBA,AHSEC,ENGLISH,Excellent,Excellent,ENGINEER,HOUSE_WIFE
97,Excellent,female,OBC,WA,TWO,SEBA,AHSEC,ENGLISH,Excellent,Excellent,OTHERS,OTHERS
98,Excellent,male,General,NO,ONE,CBSE,CBSE,ENGLISH,Vg,Vg,OTHERS,HOUSE_WIFE
99,Excellent,female,OBC,WA,ONE,SEBA,AHSEC,ENGLISH,Excellent,Excellent,OTHERS,COLLEGE_TEACHER
100,Excellent,female,General,WA,TWO,SEBA,AHSEC,ENGLISH,Excellent,Excellent,COLLEGE_TEACHER,SCHOOL_TEACHER
101,Vg,female,General,WA,TWO,SEBA,CBSE,ENGLISH,Excellent,Excellent,DOCTOR,DOCTOR
102,Vg,male,General,WA,TWO,CBSE,CBSE,ENGLISH,Excellent,Excellent,OTHERS,HOUSE_WIFE
103,Vg,female,General,WA,TWO,SEBA,AHSEC,OTHERS,Excellent,Excellent,BANK_OFFICIAL,BANK_OFFICIAL
104,Vg,male,General,WA,TWO,CBSE,CBSE,ENGLISH,Excellent,Vg,BANK_OFFICIAL,HOUSE_WIFE
105,Vg,male,General,NO,ONE,OTHERS,CBSE,ENGLISH,Excellent,Excellent,OTHERS,COLLEGE_TEACHER
106,Vg,female,General,WA,ONE,CBSE,CBSE,ENGLISH,Vg,Vg,BUSINESS,HOUSE_WIFE
107,Vg,male,General,WA,ONE,SEBA,AHSEC,ENGLISH,Excellent,Excellent,OTHERS,HOUSE_WIFE
108,Vg,male,General,WA,TWO,SEBA,AHSEC,OTHERS,Vg,Excellent,BUSINESS,HOUSE_WIFE
109,Vg,female,General,WA,TWO,SEBA,AHSEC,ENGLISH,Excellent,Excellent,OTHERS,HOUSE_WIFE
110,Vg,male,General,NO,ONE,SEBA,CBSE,ENGLISH,Good,Good,OTHERS,HOUSE_WIFE
111,Vg,male,General,WA,TWO,SEBA,AHSEC,ENGLISH,Excellent,Vg,SCHOOL_TEACHER,HOUSE_WIFE
112,Vg,female,General,WA,ONE,CBSE,CBSE,ENGLISH,Excellent,Excellent,OTHERS,SCHOOL_TEACHER
113,Vg,male,General,WA,FOUR,CBSE,CBSE,ENGLISH,Vg,Vg,COLLEGE_TEACHER,COLLEGE_TEACHER
114,Vg,male,General,WA,THREE,SEBA,AHSEC,ENGLISH,Excellent,Excellent,BUSINESS,HOUSE_WIFE
115,Vg,female,General,WA,TWO,CBSE,CBSE,ENGLISH,Excellent,Excellent,SCHOOL_TEACHER,SCHOOL_TEACHER
116,Vg,female,OBC,WA,THREE,SEBA,AHSEC,ENGLISH,Vg,Vg,ENGINEER,HOUSE_WIFE
117,Vg,male,General,WA,THREE,CBSE,CBSE,ENGLISH,Excellent,Excellent,OTHERS,HOUSE_WIFE
118,Vg,male,General,WA,TWO,SEBA,AHSEC,ENGLISH,Excellent,Excellent,SCHOOL_TEACHER,HOUSE_WIFE
119,Vg,male,General,WA,THREE,SEBA,AHSEC,OTHERS,Excellent,Good,SCHOOL_TEACHER,HOUSE_WIFE
120,Vg,male,General,NO,ONE,CBSE,CBSE,ENGLISH,Excellent,Excellent,COLLEGE_TEACHER,HOUSE_WIFE
121,Vg,female,OBC,WA,TWO,OTHERS,CBSE,ENGLISH,Excellent,Excellent,ENGINEER,HOUSE_WIFE
122,Vg,female,General,NO,ONE,SEBA,AHSEC,ENGLISH,Excellent,Excellent,OTHERS,HOUSE_WIFE
123,Vg,female,General,WA,TWO,CBSE,CBSE,ENGLISH,Excellent,Excellent,COLLEGE_TEACHER,SCHOOL_TEACHER
124,Vg,female,General,WA,TWO,SEBA,AHSEC,ENGLISH,Good,Vg,COLLEGE_TEACHER,HOUSE_WIFE
125,Vg,female,General,WA,TWO,SEBA,AHSEC,OTHERS,Excellent,Excellent,DOCTOR,HOUSE_WIFE
126,Vg,female,OBC,OA,TWO,CBSE,CBSE,ENGLISH,Excellent,Excellent,BUSINESS,BUSINESS
127,Vg,male,OBC,WA,TWO,SEBA,AHSEC,OTHERS,Excellent,Excellent,OTHERS,OTHERS
128,Vg,female,General,WA,TWO,SEBA,AHSEC,OTHERS,Excellent,Excellent,COLLEGE_TEACHER,HOUSE_WIFE
129,Vg,male,General,NO,THREE,SEBA,AHSEC,OTHERS,Vg,Vg,CULTIVATOR,HOUSE_WIFE
130,Vg,female,OBC,WA,THREE,CBSE,AHSEC,ENGLISH,Excellent,Vg,SCHOOL_TEACHER,HOUSE_WIFE
131,Vg,male,General,WA,TWO,SEBA,AHSEC,OTHERS,Good,Vg,BUSINESS,HOUSE_WIFE
132,Vg,female,General,NO,ONE,SEBA,AHSEC,ENGLISH,Excellent,Excellent,DOCTOR,DOCTOR
133,Vg,male,SC,WA,TWO,SEBA,AHSEC,ENGLISH,Excellent,Excellent,OTHERS,HOUSE_WIFE
134,Vg,female,General,NO,TWO,CBSE,CBSE,ENGLISH,Excellent,Excellent,OTHERS,HOUSE_WIFE
135,Vg,female,General,WA,TWO,SEBA,AHSEC,ASSAMESE,Excellent,Excellent,SCHOOL_TEACHER,HOUSE_WIFE
136,Vg,male,General,WA,TWO,SEBA,AHSEC,OTHERS,Excellent,Excellent,SCHOOL_TEACHER,HOUSE_WIFE
137,Vg,male,General,NO,ONE,CBSE,CBSE,ENGLISH,Excellent,Excellent,OTHERS,SCHOOL_TEACHER
138,Vg,female,OBC,NO,TWO,CBSE,CBSE,ENGLISH,Excellent,Excellent,OTHERS,HOUSE_WIFE
139,Vg,female,General,WA,TWO,CBSE,AHSEC,ENGLISH,Excellent,Excellent,OTHERS,HOUSE_WIFE
140,Vg,male,General,WA,TWO,SEBA,AHSEC,ENGLISH,Excellent,Vg,BUSINESS,HOUSE_WIFE
141,Vg,male,OBC,WA,ONE,CBSE,CBSE,ENGLISH,Excellent,Excellent,OTHERS,HOUSE_WIFE
142,Vg,male,OBC,NO,ONE,CBSE,CBSE,ENGLISH,Excellent,Excellent,OTHERS,COLLEGE_TEACHER
143,Vg,male,OBC,WA,ONE,SEBA,AHSEC,OTHERS,Excellent,Excellent,SCHOOL_TEACHER,HOUSE_WIFE
144,Vg,female,General,WA,TWO,SEBA,AHSEC,ENGLISH,Excellent,Excellent,SCHOOL_TEACHER,SCHOOL_TEACHER
145,Vg,female,General,WA,TWO,SEBA,AHSEC,ENGLISH,Excellent,Excellent,OTHERS,COLLEGE_TEACHER
146,Vg,male,OBC,NO,ONE,CBSE,CBSE,ENGLISH,Excellent,Excellent,BUSINESS,HOUSE_WIFE
147,Vg,male,General,WA,THREE,CBSE,CBSE,ENGLISH,Vg,Vg,OTHERS,HOUSE_WIFE
148,Vg,male,General,WA,TWO,CBSE,CBSE,ENGLISH,Excellent,Excellent,SCHOOL_TEACHER,HOUSE_WIFE
149,Vg,female,General,WA,ONE,SEBA,AHSEC,ENGLISH,Excellent,Excellent,OTHERS,HOUSE_WIFE
150,Vg,female,General,WA,ONE,CBSE,CBSE,ENGLISH,Excellent,Excellent,COLLEGE_TEACHER,COLLEGE_TEACHER
151,Vg,male,General,WA,THREE,CBSE,CBSE,ENGLISH,Vg,Good,SCHOOL_TEACHER,HOUSE_WIFE
152,Vg,female,General,NO,ONE,CBSE,CBSE,ENGLISH,Excellent,Excellent,OTHERS,HOUSE_WIFE
153,Vg,female,General,OA,THREE,CBSE,CBSE,ENGLISH,Excellent,Good,OTHERS,HOUSE_WIFE
154,Vg,male,General,WA,TWO,SEBA,AHSEC,ASSAMESE,Excellent,Vg,COLLEGE_TEACHER,SCHOOL_TEACHER
155,Vg,female,General,WA,ONE,OTHERS,CBSE,ENGLISH,Excellent,Excellent,DOCTOR,DOCTOR
156,Vg,male,General,OA,ONE,OTHERS,OTHERS,ENGLISH,Vg,Excellent,COLLEGE_TEACHER,SCHOOL_TEACHER
157,Vg,female,General,NO,ONE,SEBA,AHSEC,ENGLISH,Excellent,Excellent,OTHERS,HOUSE_WIFE
158,Vg,female,OBC,WA,TWO,SEBA,AHSEC,ENGLISH,Excellent,Excellent,DOCTOR,OTHERS
159,Vg,female,OBC,OA,TWO,CBSE,CBSE,ENGLISH,Excellent,Excellent,OTHERS,HOUSE_WIFE
160,Vg,female,General,WA,ONE,CBSE,CBSE,ENGLISH,Excellent,Excellent,ENGINEER,HOUSE_WIFE
161,Vg,female,SC,WA,TWO,CBSE,CBSE,ENGLISH,Excellent,Excellent,ENGINEER,HOUSE_WIFE
162,Vg,male,General,WA,TWO,SEBA,CBSE,ENGLISH,Good,Good,SCHOOL_TEACHER,HOUSE_WIFE
163,Vg,male,General,NO,ONE,SEBA,AHSEC,ENGLISH,Excellent,Excellent,OTHERS,HOUSE_WIFE
164,Vg,male,OBC,WA,TWO,SEBA,AHSEC,ENGLISH,Excellent,Excellent,OTHERS,HOUSE_WIFE
165,Vg,male,General,WA,THREE,SEBA,AHSEC,ENGLISH,Excellent,Vg,BUSINESS,SCHOOL_TEACHER
166,Vg,female,General,WA,TWO,SEBA,AHSEC,OTHERS,Excellent,Good,OTHERS,SCHOOL_TEACHER
167,Vg,male,SC,NO,ONE,SEBA,AHSEC,ENGLISH,Excellent,Excellent,BUSINESS,SCHOOL_TEACHER
168,Vg,female,OBC,WA,TWO,SEBA,AHSEC,ENGLISH,Excellent,Excellent,OTHERS,HOUSE_WIFE
169,Vg,female,OBC,WA,TWO,SEBA,AHSEC,ENGLISH,Excellent,Excellent,OTHERS,HOUSE_WIFE
170,Vg,female,General,NO,THREE,SEBA,AHSEC,ENGLISH,Excellent,Vg,OTHERS,HOUSE_WIFE
171,Vg,male,OBC,NO,ONE,CBSE,AHSEC,ENGLISH,Excellent,Excellent,SCHOOL_TEACHER,HOUSE_WIFE
172,Vg,male,General,OA,TWO,CBSE,CBSE,ENGLISH,Excellent,Excellent,OTHERS,SCHOOL_TEACHER
173,Vg,male,OBC,WA,TWO,SEBA,AHSEC,OTHERS,Excellent,Vg,BUSINESS,HOUSE_WIFE
174,Vg,male,General,NO,ONE,SEBA,AHSEC,OTHERS,Excellent,Excellent,SCHOOL_TEACHER,HOUSE_WIFE
175,Vg,male,General,NO,ONE,CBSE,AHSEC,ENGLISH,Excellent,Excellent,ENGINEER,HOUSE_WIFE
176,Vg,male,SC,WA,TWO,CBSE,CBSE,ENGLISH,Excellent,Vg,SCHOOL_TEACHER,HOUSE_WIFE
177,Vg,male,OBC,WA,THREE,SEBA,AHSEC,ENGLISH,Excellent,Excellent,SCHOOL_TEACHER,HOUSE_WIFE
178,Vg,female,General,WA,TWO,CBSE,CBSE,ENGLISH,Excellent,Excellent,ENGINEER,COLLEGE_TEACHER
179,Vg,male,General,OA,TWO,CBSE,CBSE,ENGLISH,Excellent,Excellent,BUSINESS,HOUSE_WIFE
180,Vg,female,General,WA,TWO,SEBA,AHSEC,OTHERS,Excellent,Excellent,SCHOOL_TEACHER,HOUSE_WIFE
181,Vg,female,General,WA,TWO,CBSE,CBSE,ENGLISH,Excellent,Excellent,ENGINEER,HOUSE_WIFE
182,Vg,female,OBC,WA,TWO,SEBA,AHSEC,ENGLISH,Vg,Vg,COLLEGE_TEACHER,HOUSE_WIFE
183,Vg,female,General,WA,TWO,SEBA,AHSEC,ASSAMESE,Excellent,Excellent,OTHERS,HOUSE_WIFE
184,Vg,female,General,WA,ONE,SEBA,AHSEC,ENGLISH,Excellent,Excellent,BUSINESS,HOUSE_WIFE
185,Vg,male,General,WA,TWO,SEBA,AHSEC,ENGLISH,Excellent,Excellent,CULTIVATOR,HOUSE_WIFE
186,Vg,female,OBC,WA,TWO,CBSE,CBSE,ENGLISH,Excellent,Excellent,OTHERS,OTHERS
187,Vg,female,General,WA,TWO,CBSE,CBSE,ENGLISH,Excellent,Excellent,DOCTOR,DOCTOR
188,Vg,female,General,WA,THREE,SEBA,AHSEC,OTHERS,Vg,Vg,OTHERS,HOUSE_WIFE
189,Vg,female,OBC,OA,THREE,SEBA,AHSEC,ENGLISH,Good,Vg,OTHERS,HOUSE_WIFE
190,Vg,female,General,WA,TWO,SEBA,AHSEC,ENGLISH,Excellent,Excellent,OTHERS,HOUSE_WIFE
191,Vg,male,General,WA,TWO,CBSE,CBSE,ENGLISH,Excellent,Excellent,OTHERS,HOUSE_WIFE
192,Vg,male,OBC,WA,TWO,SEBA,AHSEC,ENGLISH,Excellent,Vg,OTHERS,HOUSE_WIFE
193,Vg,male,OBC,NO,FOUR,SEBA,AHSEC,OTHERS,Vg,Vg,BUSINESS,HOUSE_WIFE
194,Vg,male,OBC,WA,ONE,CBSE,CBSE,ENGLISH,Excellent,Excellent,DOCTOR,HOUSE_WIFE
195,Vg,female,General,WA,TWO,SEBA,AHSEC,OTHERS,Excellent,Excellent,SCHOOL_TEACHER,HOUSE_WIFE
196,Vg,male,General,WA,ONE,CBSE,CBSE,ENGLISH,Excellent,Excellent,OTHERS,SCHOOL_TEACHER
197,Vg,female,General,WA,TWO,SEBA,AHSEC,ENGLISH,Excellent,Vg,BUSINESS,SCHOOL_TEACHER
198,Vg,male,OBC,OA,TWO,SEBA,CBSE,ENGLISH,Vg,Excellent,BUSINESS,HOUSE_WIFE
199,Vg,female,General,WA,TWO,SEBA,AHSEC,ENGLISH,Vg,Vg,OTHERS,HOUSE_WIFE
200,Vg,male,General,WA,TWO,SEBA,AHSEC,ENGLISH,Excellent,Excellent,BUSINESS,HOUSE_WIFE
201,Vg,male,General,WA,TWO,CBSE,CBSE,ENGLISH,Excellent,Excellent,OTHERS,OTHERS
202,Vg,female,General,NO,ONE,SEBA,AHSEC,ENGLISH,Excellent,Excellent,OTHERS,OTHERS
203,Vg,male,General,NO,ONE,SEBA,AHSEC,ENGLISH,Excellent,Excellent,ENGINEER,SCHOOL_TEACHER
204,Vg,female,OBC,WA,THREE,SEBA,AHSEC,ENGLISH,Excellent,Excellent,SCHOOL_TEACHER,OTHERS
205,Vg,male,General,WA,TWO,CBSE,CBSE,ENGLISH,Excellent,Excellent,OTHERS,HOUSE_WIFE
206,Vg,female,General,WA,TWO,SEBA,CBSE,ENGLISH,Excellent,Excellent,BUSINESS,HOUSE_WIFE
207,Vg,female,General,WA,TWO,CBSE,CBSE,ENGLISH,Excellent,Excellent,COLLEGE_TEACHER,HOUSE_WIFE
208,Vg,male,General,WA,ONE,CBSE,CBSE,ENGLISH,Excellent,Excellent,BUSINESS,HOUSE_WIFE
209,Vg,male,General,WA,ONE,SEBA,AHSEC,ENGLISH,Excellent,Excellent,DOCTOR,HOUSE_WIFE
210,Vg,male,General,WA,TWO,CBSE,CBSE,ENGLISH,Excellent,Excellent,OTHERS,OTHERS
211,Vg,female,General,WA,TWO,SEBA,AHSEC,ENGLISH,Vg,Vg,OTHERS,HOUSE_WIFE
212,Vg,female,OBC,WA,TWO,CBSE,CBSE,ENGLISH,Excellent,Excellent,OTHERS,OTHERS
213,Vg,male,General,WA,TWO,CBSE,CBSE,ENGLISH,Excellent,Excellent,OTHERS,HOUSE_WIFE
214,Vg,female,SC,OA,TWO,SEBA,CBSE,ENGLISH,Excellent,Vg,OTHERS,BANK_OFFICIAL
215,Vg,male,General,WA,TWO,CBSE,CBSE,ENGLISH,Excellent,Excellent,BANK_OFFICIAL,HOUSE_WIFE
216,Vg,female,General,WA,FOUR,CBSE,CBSE,ENGLISH,Excellent,Vg,BANK_OFFICIAL,BANK_OFFICIAL
217,Vg,male,General,WA,TWO,CBSE,CBSE,ENGLISH,Excellent,Excellent,BUSINESS,OTHERS
218,Vg,female,ST,WA,TWO,SEBA,AHSEC,ENGLISH,Excellent,Excellent,OTHERS,HOUSE_WIFE
219,Vg,female,General,WA,ONE,SEBA,AHSEC,ENGLISH,Excellent,Excellent,BANK_OFFICIAL,HOUSE_WIFE
220,Vg,male,General,WA,THREE,SEBA,AHSEC,OTHERS,Vg,Vg,OTHERS,HOUSE_WIFE
221,Vg,female,General,OA,TWO,CBSE,CBSE,ENGLISH,Excellent,Excellent,OTHERS,SCHOOL_TEACHER
222,Vg,male,OBC,WA,TWO,CBSE,CBSE,ENGLISH,Excellent,Excellent,OTHERS,HOUSE_WIFE
223,Vg,male,General,WA,TWO,SEBA,AHSEC,OTHERS,Excellent,Vg,SCHOOL_TEACHER,HOUSE_WIFE
224,Vg,female,General,WA,TWO,SEBA,AHSEC,ENGLISH,Excellent,Excellent,OTHERS,COLLEGE_TEACHER
225,Vg,male,General,WA,ONE,CBSE,CBSE,ENGLISH,Excellent,Excellent,OTHERS,HOUSE_WIFE
226,Vg,female,General,WA,ONE,CBSE,CBSE,ENGLISH,Excellent,Excellent,OTHERS,HOUSE_WIFE
227,Vg,male,General,NO,ONE,SEBA,AHSEC,ENGLISH,Excellent,Excellent,BUSINESS,HOUSE_WIFE
228,Vg,male,General,WA,TWO,CBSE,CBSE,ENGLISH,Excellent,Excellent,ENGINEER,HOUSE_WIFE
229,Vg,male,OBC,NO,ONE,SEBA,AHSEC,ENGLISH,Excellent,Excellent,COLLEGE_TEACHER,SCHOOL_TEACHER
230,Vg,female,General,WA,THREE,CBSE,CBSE,ENGLISH,Excellent,Excellent,SCHOOL_TEACHER,SCHOOL_TEACHER
231,Vg,female,SC,WA,TWO,SEBA,AHSEC,ASSAMESE,Excellent,Vg,OTHERS,OTHERS
232,Vg,male,OBC,WA,THREE,SEBA,AHSEC,OTHERS,Vg,Vg,CULTIVATOR,CULTIVATOR
233,Vg,male,General,WA,TWO,SEBA,AHSEC,OTHERS,Excellent,Excellent,OTHERS,HOUSE_WIFE
234,Vg,male,OBC,WA,TWO,SEBA,AHSEC,ENGLISH,Excellent,Excellent,SCHOOL_TEACHER,SCHOOL_TEACHER
235,Vg,female,General,WA,TWO,SEBA,AHSEC,ENGLISH,Excellent,Excellent,OTHERS,HOUSE_WIFE
236,Vg,male,OBC,WA,THREE,SEBA,AHSEC,OTHERS,Vg,Excellent,SCHOOL_TEACHER,SCHOOL_TEACHER
237,Vg,male,OBC,WA,TWO,SEBA,AHSEC,OTHERS,Excellent,Excellent,CULTIVATOR,SCHOOL_TEACHER
238,Vg,female,General,WA,ONE,CBSE,CBSE,ENGLISH,Excellent,Excellent,BUSINESS,BUSINESS
239,Vg,male,General,WA,TWO,SEBA,AHSEC,ENGLISH,Excellent,Excellent,BUSINESS,HOUSE_WIFE
240,Vg,male,General,WA,THREE,SEBA,AHSEC,ASSAMESE,Good,Good,SCHOOL_TEACHER,HOUSE_WIFE
241,Vg,female,SC,WA,TWO,SEBA,AHSEC,ENGLISH,Excellent,Excellent,BANK_OFFICIAL,SCHOOL_TEACHER
242,Vg,male,ST,NO,TWO,SEBA,AHSEC,ENGLISH,Average,Average,OTHERS,HOUSE_WIFE
243,Vg,female,General,WA,THREE,SEBA,CBSE,ENGLISH,Excellent,Excellent,BUSINESS,HOUSE_WIFE
244,Vg,female,General,NO,ONE,SEBA,AHSEC,ENGLISH,Vg,Excellent,DOCTOR,SCHOOL_TEACHER
245,Vg,female,SC,WA,ONE,CBSE,CBSE,ENGLISH,Excellent,Excellent,OTHERS,HOUSE_WIFE
246,Vg,female,General,WA,ONE,CBSE,CBSE,ENGLISH,Excellent,Excellent,OTHERS,HOUSE_WIFE
247,Vg,female,General,NO,ONE,SEBA,AHSEC,ENGLISH,Excellent,Excellent,ENGINEER,ENGINEER
248,Vg,male,OBC,WA,TWO,CBSE,CBSE,ENGLISH,Excellent,Vg,OTHERS,OTHERS
249,Vg,male,OBC,NO,FOUR,CBSE,CBSE,ENGLISH,Excellent,Vg,OTHERS,HOUSE_WIFE
250,Vg,female,General,WA,TWO,SEBA,AHSEC,ENGLISH,Excellent,Excellent,OTHERS,HOUSE_WIFE
251,Vg,female,OBC,OA,ONE,CBSE,CBSE,ENGLISH,Excellent,Excellent,OTHERS,HOUSE_WIFE
252,Vg,female,OBC,WA,ONE,SEBA,AHSEC,ENGLISH,Excellent,Excellent,SCHOOL_TEACHER,SCHOOL_TEACHER
253,Vg,male,OBC,NO,ONE,CBSE,CBSE,ENGLISH,Excellent,Excellent,DOCTOR,OTHERS
254,Vg,female,General,NO,ONE,SEBA,AHSEC,ENGLISH,Excellent,Excellent,ENGINEER,COLLEGE_TEACHER
255,Vg,male,OBC,WA,THREE,SEBA,AHSEC,ENGLISH,Vg,Vg,OTHERS,HOUSE_WIFE
256,Vg,female,General,NO,ONE,SEBA,AHSEC,OTHERS,Excellent,Excellent,DOCTOR,DOCTOR
257,Vg,male,OBC,WA,TWO,CBSE,CBSE,ENGLISH,Excellent,Vg,OTHERS,HOUSE_WIFE
258,Vg,female,OBC,NO,THREE,CBSE,CBSE,ENGLISH,Excellent,Excellent,DOCTOR,HOUSE_WIFE
259,Vg,female,General,WA,TWO,SEBA,AHSEC,ENGLISH,Excellent,Vg,BUSINESS,HOUSE_WIFE
260,Vg,male,General,WA,TWO,SEBA,AHSEC,ASSAMESE,Excellent,Vg,OTHERS,HOUSE_WIFE
261,Vg,male,General,WA,TWO,SEBA,AHSEC,ENGLISH,Good,Good,BUSINESS,HOUSE_WIFE
262,Vg,female,SC,NO,TWO,CBSE,CBSE,ENGLISH,Excellent,Excellent,ENGINEER,OTHERS
263,Vg,female,SC,NO,ONE,CBSE,CBSE,ENGLISH,Excellent,Excellent,BANK_OFFICIAL,HOUSE_WIFE
264,Vg,male,General,WA,TWO,SEBA,AHSEC,OTHERS,Excellent,Vg,OTHERS,HOUSE_WIFE
265,Vg,female,General,WA,TWO,SEBA,AHSEC,ASSAMESE,Excellent,Excellent,SCHOOL_TEACHER,SCHOOL_TEACHER
266,Vg,female,OBC,NO,TWO,SEBA,AHSEC,ENGLISH,Excellent,Excellent,OTHERS,HOUSE_WIFE
267,Vg,male,OBC,WA,ONE,SEBA,AHSEC,ENGLISH,Excellent,Excellent,OTHERS,HOUSE_WIFE
268,Vg,female,OBC,WA,TWO,SEBA,AHSEC,ENGLISH,Vg,Excellent,OTHERS,HOUSE_WIFE
269,Vg,male,General,NO,ONE,CBSE,AHSEC,ENGLISH,Excellent,Excellent,SCHOOL_TEACHER,SCHOOL_TEACHER
270,Vg,female,General,WA,TWO,SEBA,AHSEC,ENGLISH,Excellent,Vg,OTHERS,HOUSE_WIFE
271,Vg,male,General,WA,TWO,SEBA,AHSEC,ENGLISH,Excellent,Vg,ENGINEER,HOUSE_WIFE
272,Vg,male,OBC,OA,ONE,CBSE,CBSE,ENGLISH,Excellent,Excellent,ENGINEER,ENGINEER
273,Vg,female,General,WA,TWO,SEBA,AHSEC,ENGLISH,Vg,Vg,BUSINESS,HOUSE_WIFE
274,Vg,female,General,WA,TWO,CBSE,CBSE,ENGLISH,Excellent,Excellent,OTHERS,OTHERS
275,Vg,female,General,WA,ONE,CBSE,CBSE,ENGLISH,Excellent,Excellent,DOCTOR,DOCTOR
276,Vg,female,General,WA,ONE,CBSE,CBSE,ENGLISH,Excellent,Excellent,OTHERS,HOUSE_WIFE
277,Vg,male,OBC,OA,TWO,CBSE,CBSE,ENGLISH,Excellent,Good,OTHERS,HOUSE_WIFE
278,Vg,male,General,WA,ONE,CBSE,CBSE,ENGLISH,Excellent,Excellent,OTHERS,HOUSE_WIFE
279,Vg,male,General,WA,THREE,SEBA,AHSEC,OTHERS,Excellent,Vg,SCHOOL_TEACHER,HOUSE_WIFE
280,Vg,female,General,WA,TWO,OTHERS,AHSEC,ENGLISH,Excellent,Vg,COLLEGE_TEACHER,HOUSE_WIFE
281,Vg,male,General,WA,THREE,SEBA,AHSEC,OTHERS,Vg,Vg,CULTIVATOR,HOUSE_WIFE
282,Vg,female,General,WA,THREE,SEBA,AHSEC,ENGLISH,Excellent,Excellent,COLLEGE_TEACHER,SCHOOL_TEACHER
283,Vg,female,General,WA,TWO,CBSE,CBSE,ENGLISH,Excellent,Excellent,COLLEGE_TEACHER,ENGINEER
284,Vg,male,General,WA,TWO,CBSE,CBSE,ENGLISH,Excellent,Vg,BANK_OFFICIAL,HOUSE_WIFE
285,Vg,male,General,OA,TWO,CBSE,CBSE,ENGLISH,Excellent,Vg,OTHERS,HOUSE_WIFE
286,Vg,male,General,WA,THREE,CBSE,CBSE,ENGLISH,Excellent,Vg,OTHERS,HOUSE_WIFE
287,Vg,male,General,WA,TWO,CBSE,CBSE,ENGLISH,Excellent,Excellent,BANK_OFFICIAL,HOUSE_WIFE
288,Vg,male,General,WA,TWO,CBSE,CBSE,ENGLISH,Excellent,Vg,BUSINESS,HOUSE_WIFE
289,Vg,male,General,WA,TWO,CBSE,AHSEC,ENGLISH,Excellent,Excellent,BUSINESS,HOUSE_WIFE
290,Vg,female,OBC,WA,TWO,SEBA,AHSEC,ENGLISH,Excellent,Excellent,BUSINESS,SCHOOL_TEACHER
291,Vg,female,OBC,NO,ONE,CBSE,CBSE,ENGLISH,Vg,Good,BUSINESS,SCHOOL_TEACHER
292,Vg,female,General,WA,TWO,CBSE,CBSE,ENGLISH,Excellent,Vg,OTHERS,SCHOOL_TEACHER
293,Vg,male,General,WA,TWO,SEBA,AHSEC,OTHERS,Excellent,Vg,OTHERS,HOUSE_WIFE
294,Vg,male,SC,WA,ONE,SEBA,AHSEC,ENGLISH,Vg,Excellent,OTHERS,HOUSE_WIFE
295,Vg,male,SC,WA,ONE,OTHERS,AHSEC,ENGLISH,Excellent,Excellent,ENGINEER,HOUSE_WIFE
296,Vg,male,General,WA,THREE,SEBA,AHSEC,ENGLISH,Vg,Excellent,ENGINEER,HOUSE_WIFE
297,Vg,female,OBC,NO,ONE,CBSE,AHSEC,ENGLISH,Excellent,Excellent,OTHERS,HOUSE_WIFE
298,Vg,male,General,WA,ONE,SEBA,AHSEC,ENGLISH,Vg,Excellent,OTHERS,HOUSE_WIFE
299,Good,female,OBC,WA,TWO,SEBA,AHSEC,ENGLISH,Excellent,Excellent,OTHERS,HOUSE_WIFE
300,Good,female,General,WA,THREE,SEBA,AHSEC,ASSAMESE,Excellent,Vg,SCHOOL_TEACHER,HOUSE_WIFE
301,Good,male,SC,OA,TWO,SEBA,CBSE,OTHERS,Vg,Good,OTHERS,HOUSE_WIFE
302,Good,male,General,NO,ONE,SEBA,AHSEC,OTHERS,Excellent,Excellent,SCHOOL_TEACHER,SCHOOL_TEACHER
303,Good,male,General,WA,THREE,SEBA,AHSEC,ASSAMESE,Vg,Vg,SCHOOL_TEACHER,SCHOOL_TEACHER
304,Good,female,General,NO,ONE,CBSE,CBSE,ENGLISH,Excellent,Excellent,OTHERS,HOUSE_WIFE
305,Good,male,General,NO,TWO,SEBA,AHSEC,OTHERS,Excellent,Excellent,OTHERS,HOUSE_WIFE
306,Good,male,SC,OA,TWO,CBSE,CBSE,ENGLISH,Excellent,Excellent,OTHERS,OTHERS
307,Good,female,OBC,WA,ONE,CBSE,CBSE,ENGLISH,Excellent,Excellent,OTHERS,HOUSE_WIFE
308,Good,female,General,WA,ONE,OTHERS,CBSE,ENGLISH,Excellent,Excellent,ENGINEER,DOCTOR
309,Good,male,OBC,WA,ONE,SEBA,AHSEC,ENGLISH,Excellent,Excellent,OTHERS,HOUSE_WIFE
310,Good,male,General,WA,TWO,SEBA,AHSEC,OTHERS,Average,Good,SCHOOL_TEACHER,HOUSE_WIFE
311,Good,male,OBC,WA,TWO,CBSE,CBSE,ENGLISH,Excellent,Excellent,SCHOOL_TEACHER,HOUSE_WIFE
312,Good,female,General,WA,TWO,SEBA,CBSE,ENGLISH,Excellent,Vg,BANK_OFFICIAL,HOUSE_WIFE
313,Good,male,General,WA,TWO,SEBA,AHSEC,ASSAMESE,Excellent,Excellent,SCHOOL_TEACHER,SCHOOL_TEACHER
314,Good,female,OBC,WA,TWO,SEBA,AHSEC,ENGLISH,Excellent,Excellent,OTHERS,SCHOOL_TEACHER
315,Good,female,General,WA,THREE,CBSE,CBSE,ENGLISH,Excellent,Vg,BUSINESS,HOUSE_WIFE
316,Good,male,OBC,OA,FOUR,SEBA,OTHERS,ENGLISH,Vg,Average,COLLEGE_TEACHER,HOUSE_WIFE
317,Good,female,OBC,WA,TWO,SEBA,AHSEC,ENGLISH,Excellent,Excellent,OTHERS,HOUSE_WIFE
318,Good,male,General,OA,TWO,SEBA,CBSE,ENGLISH,Excellent,Excellent,OTHERS,HOUSE_WIFE
319,Good,female,General,WA,TWO,SEBA,CBSE,ENGLISH,Excellent,Excellent,BANK_OFFICIAL,HOUSE_WIFE
320,Good,female,General,WA,TWO,SEBA,AHSEC,ENGLISH,Excellent,Excellent,SCHOOL_TEACHER,SCHOOL_TEACHER
321,Good,female,General,WA,TWO,CBSE,CBSE,ENGLISH,Excellent,Excellent,BUSINESS,HOUSE_WIFE
322,Good,male,General,WA,THREE,SEBA,AHSEC,ENGLISH,Good,Vg,BUSINESS,HOUSE_WIFE
323,Good,male,OBC,WA,TWO,SEBA,AHSEC,ENGLISH,Excellent,Vg,SCHOOL_TEACHER,HOUSE_WIFE
324,Good,male,General,NO,TWO,SEBA,AHSEC,ENGLISH,Excellent,Excellent,ENGINEER,COLLEGE_TEACHER
325,Good,male,General,NO,TWO,CBSE,CBSE,ENGLISH,Excellent,Vg,SCHOOL_TEACHER,HOUSE_WIFE
326,Good,male,General,NO,ONE,SEBA,AHSEC,ENGLISH,Vg,Vg,OTHERS,HOUSE_WIFE
327,Good,female,General,WA,TWO,SEBA,CBSE,ENGLISH,Good,Vg,BUSINESS,HOUSE_WIFE
328,Good,male,General,NO,ONE,CBSE,CBSE,ENGLISH,Excellent,Excellent,OTHERS,HOUSE_WIFE
329,Good,male,SC,WA,THREE,CBSE,CBSE,ENGLISH,Excellent,Excellent,OTHERS,HOUSE_WIFE
330,Good,male,General,OA,ONE,CBSE,CBSE,ENGLISH,Excellent,Excellent,ENGINEER,HOUSE_WIFE
331,Good,female,General,WA,ONE,SEBA,AHSEC,ENGLISH,Excellent,Excellent,BANK_OFFICIAL,OTHERS
332,Good,female,General,WA,TWO,CBSE,CBSE,ENGLISH,Excellent,Excellent,COLLEGE_TEACHER,SCHOOL_TEACHER
333,Good,female,General,WA,TWO,SEBA,AHSEC,ASSAMESE,Excellent,Excellent,SCHOOL_TEACHER,SCHOOL_TEACHER
334,Good,male,General,WA,THREE,SEBA,AHSEC,OTHERS,Vg,Vg,SCHOOL_TEACHER,SCHOOL_TEACHER
335,Good,female,OBC,WA,ONE,SEBA,AHSEC,ENGLISH,Vg,Vg,OTHERS,HOUSE_WIFE
336,Good,female,General,OA,TWO,CBSE,CBSE,ENGLISH,Excellent,Vg,ENGINEER,HOUSE_WIFE
337,Good,male,OBC,NO,TWO,SEBA,AHSEC,ENGLISH,Good,Good,OTHERS,OTHERS
338,Good,female,General,WA,TWO,SEBA,CBSE,ENGLISH,Excellent,Good,OTHERS,HOUSE_WIFE
339,Good,male,General,WA,TWO,SEBA,CBSE,ENGLISH,Excellent,Vg,OTHERS,HOUSE_WIFE
340,Good,female,OBC,OA,THREE,CBSE,CBSE,ENGLISH,Vg,Vg,BUSINESS,HOUSE_WIFE
341,Good,female,General,NO,ONE,SEBA,AHSEC,ENGLISH,Excellent,Excellent,DOCTOR,DOCTOR
342,Good,female,General,NO,ONE,SEBA,AHSEC,ENGLISH,Excellent,Excellent,ENGINEER,HOUSE_WIFE
343,Good,male,General,NO,ONE,CBSE,AHSEC,ENGLISH,Excellent,Excellent,OTHERS,SCHOOL_TEACHER
344,Good,male,General,WA,TWO,SEBA,AHSEC,ASSAMESE,Excellent,Vg,OTHERS,HOUSE_WIFE
345,Good,male,OBC,OA,TWO,CBSE,CBSE,ENGLISH,Vg,Vg,DOCTOR,HOUSE_WIFE
346,Good,male,General,WA,THREE,SEBA,AHSEC,ENGLISH,Excellent,Excellent,OTHERS,HOUSE_WIFE
347,Good,male,OBC,NO,FIVE,SEBA,AHSEC,OTHERS,Good,Average,SCHOOL_TEACHER,HOUSE_WIFE
348,Good,male,General,WA,TWO,CBSE,CBSE,ENGLISH,Excellent,Vg,OTHERS,HOUSE_WIFE
349,Good,male,OBC,OA,TWO,CBSE,CBSE,ENGLISH,Excellent,Excellent,BUSINESS,OTHERS
350,Good,male,OBC,NO,ONE,CBSE,CBSE,ENGLISH,Excellent,Excellent,OTHERS,HOUSE_WIFE
351,Good,female,OBC,WA,SEVEN,CBSE,CBSE,ENGLISH,Excellent,Good,OTHERS,HOUSE_WIFE
352,Good,male,SC,WA,TWO,SEBA,AHSEC,ENGLISH,Excellent,Excellent,DOCTOR,HOUSE_WIFE
353,Good,female,SC,WA,TWO,CBSE,CBSE,ENGLISH,Excellent,Excellent,OTHERS,HOUSE_WIFE
354,Good,female,OBC,WA,ONE,SEBA,AHSEC,ENGLISH,Vg,Excellent,DOCTOR,HOUSE_WIFE
355,Good,female,OBC,WA,ONE,SEBA,AHSEC,OTHERS,Excellent,Excellent,BUSINESS,HOUSE_WIFE
356,Good,male,General,WA,TWO,CBSE,CBSE,ENGLISH,Excellent,Vg,OTHERS,OTHERS
357,Good,female,OBC,WA,THREE,SEBA,AHSEC,ENGLISH,Excellent,Excellent,OTHERS,OTHERS
358,Good,male,OBC,WA,TWO,SEBA,AHSEC,ASSAMESE,Excellent,Vg,SCHOOL_TEACHER,HOUSE_WIFE
359,Good,female,General,WA,TWO,SEBA,AHSEC,ENGLISH,Excellent,Excellent,DOCTOR,HOUSE_WIFE
360,Good,female,General,OA,ONE,CBSE,CBSE,ENGLISH,Excellent,Excellent,SCHOOL_TEACHER,SCHOOL_TEACHER
361,Good,female,General,NO,ONE,SEBA,AHSEC,ENGLISH,Excellent,Excellent,SCHOOL_TEACHER,SCHOOL_TEACHER
362,Good,female,OBC,NO,TWO,SEBA,AHSEC,ENGLISH,Excellent,Vg,BUSINESS,HOUSE_WIFE
363,Good,female,General,NO,ONE,CBSE,CBSE,ENGLISH,Excellent,Excellent,DOCTOR,HOUSE_WIFE
364,Good,male,General,WA,THREE,SEBA,AHSEC,OTHERS,Vg,Good,SCHOOL_TEACHER,HOUSE_WIFE
365,Good,female,OBC,WA,TWO,CBSE,CBSE,ENGLISH,Excellent,Excellent,SCHOOL_TEACHER,OTHERS
366,Good,male,General,WA,TWO,SEBA,AHSEC,ENGLISH,Excellent,Excellent,OTHERS,HOUSE_WIFE
367,Good,male,General,WA,ONE,CBSE,CBSE,ENGLISH,Excellent,Vg,OTHERS,HOUSE_WIFE
368,Good,female,OBC,WA,ONE,CBSE,CBSE,ENGLISH,Excellent,Excellent,OTHERS,OTHERS
369,Good,male,General,WA,TWO,CBSE,CBSE,ENGLISH,Excellent,Excellent,BUSINESS,HOUSE_WIFE
370,Good,male,General,WA,ONE,SEBA,AHSEC,ENGLISH,Excellent,Excellent,DOCTOR,HOUSE_WIFE
371,Good,male,General,WA,ONE,SEBA,AHSEC,ENGLISH,Excellent,Excellent,SCHOOL_TEACHER,HOUSE_WIFE
372,Good,female,OBC,WA,TWO,CBSE,CBSE,ENGLISH,Excellent,Vg,OTHERS,HOUSE_WIFE
373,Good,female,OBC,WA,ONE,CBSE,CBSE,ENGLISH,Excellent,Excellent,OTHERS,OTHERS
374,Good,female,OBC,WA,TWO,SEBA,AHSEC,ENGLISH,Excellent,Excellent,OTHERS,SCHOOL_TEACHER
375,Good,female,OBC,WA,THREE,SEBA,AHSEC,OTHERS,Good,Good,BUSINESS,HOUSE_WIFE
376,Good,male,General,WA,TWO,CBSE,CBSE,ENGLISH,Excellent,Excellent,OTHERS,HOUSE_WIFE
377,Good,female,OBC,WA,FOUR,SEBA,AHSEC,ENGLISH,Vg,Good,BUSINESS,HOUSE_WIFE
378,Good,female,OBC,OA,TWO,SEBA,AHSEC,ENGLISH,Excellent,Excellent,SCHOOL_TEACHER,SCHOOL_TEACHER
379,Good,female,OBC,WA,TWO,CBSE,CBSE,ENGLISH,Excellent,Excellent,DOCTOR,OTHERS
380,Good,male,General,WA,TWO,SEBA,AHSEC,OTHERS,Excellent,Excellent,OTHERS,SCHOOL_TEACHER
381,Good,male,General,WA,TWO,SEBA,AHSEC,OTHERS,Excellent,Vg,OTHERS,OTHERS
382,Good,female,General,NO,ONE,SEBA,AHSEC,ENGLISH,Excellent,Excellent,SCHOOL_TEACHER,SCHOOL_TEACHER
383,Good,female,OBC,NO,ONE,SEBA,AHSEC,ENGLISH,Excellent,Excellent,OTHERS,HOUSE_WIFE
384,Good,male,General,WA,ONE,SEBA,AHSEC,ENGLISH,Excellent,Excellent,SCHOOL_TEACHER,SCHOOL_TEACHER
385,Good,male,OBC,OA,TWO,SEBA,AHSEC,ENGLISH,Excellent,Excellent,DOCTOR,HOUSE_WIFE
386,Good,male,OBC,NO,THREE,SEBA,AHSEC,ENGLISH,Excellent,Vg,OTHERS,HOUSE_WIFE
387,Good,female,General,WA,THREE,SEBA,AHSEC,ASSAMESE,Excellent,Vg,DOCTOR,OTHERS
388,Good,female,General,WA,ONE,SEBA,CBSE,ENGLISH,Excellent,Excellent,BUSINESS,HOUSE_WIFE
389,Good,male,General,NO,ONE,SEBA,AHSEC,OTHERS,Excellent,Excellent,CULTIVATOR,HOUSE_WIFE
390,Good,female,General,WA,TWO,CBSE,CBSE,ENGLISH,Excellent,Excellent,DOCTOR,OTHERS
391,Good,male,General,WA,ONE,SEBA,AHSEC,ENGLISH,Excellent,Excellent,OTHERS,HOUSE_WIFE
392,Good,female,General,NO,TWO,CBSE,CBSE,ENGLISH,Excellent,Vg,OTHERS,HOUSE_WIFE
393,Good,male,General,WA,ONE,SEBA,AHSEC,ENGLISH,Excellent,Excellent,OTHERS,HOUSE_WIFE
394,Good,female,SC,NO,THREE,SEBA,AHSEC,ENGLISH,Excellent,Excellent,BUSINESS,HOUSE_WIFE
395,Good,female,General,WA,TWO,SEBA,AHSEC,ENGLISH,Excellent,Excellent,OTHERS,OTHERS
396,Good,female,General,WA,ONE,CBSE,CBSE,ENGLISH,Excellent,Good,BUSINESS,HOUSE_WIFE
397,Good,male,General,WA,TWO,SEBA,AHSEC,ENGLISH,Vg,Vg,SCHOOL_TEACHER,SCHOOL_TEACHER
398,Good,male,General,NO,ONE,SEBA,AHSEC,OTHERS,Excellent,Excellent,SCHOOL_TEACHER,HOUSE_WIFE
399,Good,male,OBC,WA,TWO,CBSE,CBSE,ENGLISH,Excellent,Excellent,OTHERS,HOUSE_WIFE
400,Good,male,General,WA,TWO,SEBA,AHSEC,ENGLISH,Excellent,Vg,OTHERS,HOUSE_WIFE
401,Good,male,General,NO,TWO,SEBA,AHSEC,OTHERS,Good,Good,SCHOOL_TEACHER,HOUSE_WIFE
402,Good,female,OBC,WA,ONE,SEBA,AHSEC,ASSAMESE,Excellent,Excellent,OTHERS,SCHOOL_TEACHER
403,Good,male,SC,NO,ONE,CBSE,CBSE,ENGLISH,Excellent,Excellent,BUSINESS,HOUSE_WIFE
404,Good,male,General,WA,TWO,SEBA,AHSEC,ENGLISH,Vg,Vg,BUSINESS,HOUSE_WIFE
405,Good,male,OBC,WA,TWO,CBSE,CBSE,ENGLISH,Vg,Good,BUSINESS,HOUSE_WIFE
406,Good,male,General,NO,TWO,SEBA,AHSEC,ENGLISH,Vg,Vg,OTHERS,HOUSE_WIFE
407,Good,male,General,WA,TWO,CBSE,CBSE,ENGLISH,Excellent,Excellent,SCHOOL_TEACHER,SCHOOL_TEACHER
408,Good,male,General,WA,TWO,SEBA,AHSEC,OTHERS,Vg,Vg,SCHOOL_TEACHER,HOUSE_WIFE
409,Good,female,ST,WA,ONE,SEBA,AHSEC,OTHERS,Excellent,Excellent,SCHOOL_TEACHER,SCHOOL_TEACHER
410,Good,female,General,NO,ONE,SEBA,AHSEC,ENGLISH,Excellent,Excellent,OTHERS,SCHOOL_TEACHER
411,Good,female,OBC,NO,ONE,SEBA,AHSEC,ENGLISH,Excellent,Excellent,OTHERS,OTHERS
412,Good,male,SC,NO,THREE,CBSE,CBSE,ENGLISH,Excellent,Vg,OTHERS,HOUSE_WIFE
413,Good,male,OBC,WA,TWO,SEBA,AHSEC,ASSAMESE,Excellent,Vg,OTHERS,HOUSE_WIFE
414,Good,female,OBC,WA,TWO,SEBA,AHSEC,ENGLISH,Excellent,Vg,OTHERS,HOUSE_WIFE
415,Good,male,General,OA,TWO,CBSE,CBSE,ENGLISH,Excellent,Excellent,OTHERS,SCHOOL_TEACHER
416,Good,male,General,NO,TWO,CBSE,CBSE,ENGLISH,Excellent,Excellent,OTHERS,HOUSE_WIFE
417,Good,male,General,WA,TWO,CBSE,CBSE,ENGLISH,Excellent,Vg,BUSINESS,HOUSE_WIFE
418,Good,male,SC,WA,TWO,CBSE,CBSE,ENGLISH,Excellent,Excellent,CULTIVATOR,HOUSE_WIFE
419,Good,male,General,OA,ONE,CBSE,CBSE,ENGLISH,Excellent,Excellent,DOCTOR,SCHOOL_TEACHER
420,Good,male,General,NO,ONE,CBSE,CBSE,ENGLISH,Excellent,Excellent,DOCTOR,HOUSE_WIFE
421,Good,male,General,NO,TWO,SEBA,AHSEC,OTHERS,Vg,Vg,BUSINESS,HOUSE_WIFE
422,Good,male,General,WA,FOUR,SEBA,AHSEC,OTHERS,Vg,Good,SCHOOL_TEACHER,HOUSE_WIFE
423,Good,female,SC,WA,TWO,SEBA,AHSEC,ENGLISH,Excellent,Excellent,OTHERS,HOUSE_WIFE
424,Good,male,OBC,WA,TWO,CBSE,CBSE,ENGLISH,Excellent,Excellent,OTHERS,HOUSE_WIFE
425,Good,female,General,WA,ONE,SEBA,CBSE,ENGLISH,Excellent,Excellent,BUSINESS,HOUSE_WIFE
426,Good,female,General,WA,TWO,CBSE,CBSE,ENGLISH,Excellent,Vg,OTHERS,OTHERS
427,Good,female,General,WA,TWO,SEBA,CBSE,ENGLISH,Excellent,Excellent,OTHERS,HOUSE_WIFE
428,Good,female,OBC,WA,TWO,SEBA,AHSEC,ENGLISH,Excellent,Excellent,OTHERS,OTHERS
429,Good,male,General,WA,TWO,CBSE,CBSE,ENGLISH,Excellent,Excellent,BUSINESS,OTHERS
430,Good,female,General,NO,ONE,SEBA,CBSE,ENGLISH,Excellent,Excellent,SCHOOL_TEACHER,SCHOOL_TEACHER
431,Good,female,OBC,WA,TWO,SEBA,AHSEC,ENGLISH,Excellent,Vg,OTHERS,HOUSE_WIFE
432,Good,male,General,NO,ONE,CBSE,CBSE,ENGLISH,Excellent,Vg,BUSINESS,HOUSE_WIFE
433,Good,male,General,NO,ONE,SEBA,CBSE,ENGLISH,Excellent,Excellent,BUSINESS,HOUSE_WIFE
434,Good,female,SC,WA,ONE,OTHERS,CBSE,ENGLISH,Excellent,Excellent,DOCTOR,HOUSE_WIFE
435,Good,female,OBC,WA,ONE,SEBA,AHSEC,ENGLISH,Excellent,Excellent,DOCTOR,HOUSE_WIFE
436,Good,female,General,NO,TWO,SEBA,CBSE,ENGLISH,Excellent,Vg,BUSINESS,HOUSE_WIFE
437,Good,female,OBC,WA,TWO,SEBA,AHSEC,ENGLISH,Excellent,Vg,DOCTOR,SCHOOL_TEACHER
438,Good,male,General,WA,THREE,CBSE,CBSE,ENGLISH,Vg,Good,OTHERS,HOUSE_WIFE
439,Good,female,General,NO,ONE,SEBA,AHSEC,ENGLISH,Excellent,Excellent,OTHERS,SCHOOL_TEACHER
440,Good,male,General,WA,THREE,SEBA,AHSEC,OTHERS,Vg,Vg,CULTIVATOR,HOUSE_WIFE
441,Good,male,OBC,WA,TWO,SEBA,AHSEC,ASSAMESE,Excellent,Excellent,SCHOOL_TEACHER,SCHOOL_TEACHER
442,Good,female,General,WA,ONE,OTHERS,CBSE,ENGLISH,Excellent,Excellent,BUSINESS,HOUSE_WIFE
443,Good,male,General,WA,THREE,SEBA,AHSEC,OTHERS,Vg,Vg,SCHOOL_TEACHER,HOUSE_WIFE
444,Good,female,General,NO,THREE,CBSE,CBSE,ENGLISH,Excellent,Good,BUSINESS,OTHERS
445,Good,female,General,WA,TWO,CBSE,CBSE,ENGLISH,Excellent,Excellent,BUSINESS,SCHOOL_TEACHER
446,Good,male,General,OA,TWO,CBSE,CBSE,ENGLISH,Excellent,Vg,SCHOOL_TEACHER,HOUSE_WIFE
447,Good,female,ST,NO,ONE,SEBA,AHSEC,OTHERS,Excellent,Excellent,OTHERS,HOUSE_WIFE
448,Good,female,OBC,OA,ONE,OTHERS,CBSE,ENGLISH,Excellent,Excellent,BUSINESS,HOUSE_WIFE
449,Good,female,General,WA,TWO,CBSE,CBSE,ENGLISH,Excellent,Excellent,OTHERS,OTHERS
450,Good,male,General,WA,TWO,SEBA,AHSEC,ASSAMESE,Excellent,Excellent,DOCTOR,SCHOOL_TEACHER
451,Good,female,General,WA,TWO,CBSE,CBSE,ENGLISH,Excellent,Excellent,OTHERS,HOUSE_WIFE
452,Good,female,SC,NO,ONE,SEBA,AHSEC,ENGLISH,Excellent,Excellent,SCHOOL_TEACHER,SCHOOL_TEACHER
453,Good,female,General,WA,ONE,SEBA,AHSEC,OTHERS,Excellent,Excellent,OTHERS,HOUSE_WIFE
454,Good,male,General,WA,THREE,SEBA,AHSEC,ENGLISH,Excellent,Vg,SCHOOL_TEACHER,SCHOOL_TEACHER
455,Good,male,OBC,NO,TWO,SEBA,AHSEC,ENGLISH,Good,Vg,OTHERS,OTHERS
456,Good,male,General,WA,TWO,SEBA,AHSEC,OTHERS,Vg,Excellent,SCHOOL_TEACHER,HOUSE_WIFE
457,Good,male,General,WA,THREE,CBSE,CBSE,ENGLISH,Good,Good,SCHOOL_TEACHER,HOUSE_WIFE
458,Good,male,SC,WA,TWO,SEBA,AHSEC,ASSAMESE,Excellent,Vg,SCHOOL_TEACHER,HOUSE_WIFE
459,Good,male,General,WA,TWO,SEBA,AHSEC,OTHERS,Good,Vg,SCHOOL_TEACHER,OTHERS
460,Good,male,General,NO,ONE,SEBA,AHSEC,OTHERS,Excellent,Excellent,SCHOOL_TEACHER,HOUSE_WIFE
461,Good,female,General,WA,ONE,SEBA,AHSEC,ENGLISH,Excellent,Excellent,BUSINESS,HOUSE_WIFE
462,Good,male,General,OA,TWO,CBSE,CBSE,ENGLISH,Excellent,Excellent,CULTIVATOR,HOUSE_WIFE
463,Good,male,General,OA,ONE,CBSE,CBSE,ENGLISH,Excellent,Excellent,DOCTOR,SCHOOL_TEACHER
464,Good,male,General,WA,TWO,SEBA,AHSEC,OTHERS,Vg,Excellent,OTHERS,SCHOOL_TEACHER
465,Good,male,General,WA,TWO,CBSE,AHSEC,ENGLISH,Excellent,Excellent,SCHOOL_TEACHER,SCHOOL_TEACHER
466,Good,female,OBC,NO,ONE,CBSE,CBSE,ENGLISH,Excellent,Vg,OTHERS,OTHERS
467,Good,female,OBC,WA,TWO,SEBA,AHSEC,ASSAMESE,Excellent,Excellent,DOCTOR,HOUSE_WIFE
468,Good,male,General,NO,ONE,CBSE,CBSE,ENGLISH,Excellent,Excellent,OTHERS,OTHERS
469,Good,male,SC,WA,ONE,SEBA,AHSEC,OTHERS,Excellent,Excellent,OTHERS,HOUSE_WIFE
470,Good,male,General,WA,TWO,SEBA,AHSEC,OTHERS,Vg,Vg,OTHERS,HOUSE_WIFE
471,Good,male,General,WA,ONE,CBSE,CBSE,ENGLISH,Excellent,Excellent,OTHERS,HOUSE_WIFE
472,Good,male,OBC,WA,ONE,SEBA,AHSEC,ENGLISH,Excellent,Excellent,OTHERS,HOUSE_WIFE
473,Good,female,General,WA,TWO,CBSE,CBSE,ENGLISH,Excellent,Excellent,OTHERS,HOUSE_WIFE
474,Good,male,OBC,NO,TWO,SEBA,AHSEC,OTHERS,Average,Good,OTHERS,HOUSE_WIFE
475,Good,male,General,NO,ONE,CBSE,CBSE,ENGLISH,Excellent,Excellent,OTHERS,HOUSE_WIFE
476,Good,female,OBC,WA,TWO,SEBA,AHSEC,ENGLISH,Vg,Vg,DOCTOR,HOUSE_WIFE
477,Good,male,General,NO,ONE,CBSE,CBSE,ENGLISH,Excellent,Excellent,OTHERS,HOUSE_WIFE
478,Good,male,OBC,WA,THREE,SEBA,AHSEC,ASSAMESE,Good,Average,OTHERS,HOUSE_WIFE
479,Good,male,OBC,WA,THREE,CBSE,CBSE,ENGLISH,Excellent,Vg,OTHERS,SCHOOL_TEACHER
480,Good,male,OBC,WA,TWO,CBSE,CBSE,ENGLISH,Excellent,Excellent,BUSINESS,HOUSE_WIFE
481,Good,male,OBC,NO,THREE,CBSE,AHSEC,ASSAMESE,Vg,Good,SCHOOL_TEACHER,HOUSE_WIFE
482,Good,female,OBC,WA,TWO,SEBA,CBSE,ENGLISH,Excellent,Vg,OTHERS,OTHERS
483,Good,male,OBC,NO,ONE,SEBA,CBSE,ENGLISH,Excellent,Excellent,BUSINESS,HOUSE_WIFE
484,Good,female,OBC,WA,FOUR,SEBA,AHSEC,ASSAMESE,Excellent,Vg,BUSINESS,OTHERS
485,Good,female,OBC,WA,FOUR,SEBA,AHSEC,ENGLISH,Vg,Vg,BUSINESS,HOUSE_WIFE
486,Good,female,OBC,WA,THREE,SEBA,AHSEC,ENGLISH,Excellent,Vg,OTHERS,HOUSE_WIFE
487,Good,female,OBC,WA,TWO,SEBA,AHSEC,ASSAMESE,Excellent,Excellent,CULTIVATOR,SCHOOL_TEACHER
488,Good,female,OBC,WA,THREE,SEBA,AHSEC,ASSAMESE,Excellent,Vg,OTHERS,SCHOOL_TEACHER
489,Good,male,OBC,WA,ONE,SEBA,AHSEC,ENGLISH,Excellent,Good,SCHOOL_TEACHER,SCHOOL_TEACHER
490,Good,male,OBC,NO,ONE,SEBA,AHSEC,ENGLISH,Excellent,Excellent,DOCTOR,OTHERS
491,Good,male,OBC,WA,THREE,CBSE,CBSE,ENGLISH,Good,Excellent,OTHERS,HOUSE_WIFE
492,Good,female,OBC,WA,ONE,SEBA,AHSEC,ENGLISH,Excellent,Excellent,OTHERS,SCHOOL_TEACHER
493,Good,female,OBC,NO,ONE,SEBA,AHSEC,ENGLISH,Excellent,Excellent,SCHOOL_TEACHER,HOUSE_WIFE
494,Good,female,OBC,OA,TWO,SEBA,AHSEC,ENGLISH,Excellent,Excellent,OTHERS,HOUSE_WIFE
495,Good,female,OBC,WA,TWO,SEBA,AHSEC,ENGLISH,Excellent,Excellent,DOCTOR,HOUSE_WIFE
496,Good,female,OBC,WA,TWO,CBSE,CBSE,ENGLISH,Excellent,Excellent,DOCTOR,HOUSE_WIFE
497,Good,female,OBC,WA,ONE,SEBA,AHSEC,ENGLISH,Vg,Excellent,BUSINESS,HOUSE_WIFE
498,Good,male,OBC,WA,THREE,CBSE,CBSE,ENGLISH,Excellent,Vg,BUSINESS,HOUSE_WIFE
499,Average,female,OBC,WA,TWO,SEBA,AHSEC,ASSAMESE,Excellent,Excellent,SCHOOL_TEACHER,HOUSE_WIFE
500,Average,male,OBC,WA,TWO,SEBA,AHSEC,ENGLISH,Excellent,Excellent,BUSINESS,HOUSE_WIFE
501,Average,female,OBC,WA,ONE,SEBA,CBSE,ENGLISH,Excellent,Excellent,OTHERS,HOUSE_WIFE
502,Average,male,OBC,WA,TWO,SEBA,AHSEC,ENGLISH,Vg,Good,OTHERS,HOUSE_WIFE
503,Average,female,OBC,WA,TWO,SEBA,AHSEC,ASSAMESE,Excellent,Excellent,DOCTOR,HOUSE_WIFE
504,Average,male,OBC,WA,ONE,CBSE,CBSE,ENGLISH,Excellent,Excellent,OTHERS,SCHOOL_TEACHER
505,Average,female,OBC,NO,THREE,SEBA,AHSEC,ASSAMESE,Excellent,Vg,SCHOOL_TEACHER,HOUSE_WIFE
506,Average,male,OBC,WA,TWO,CBSE,CBSE,ENGLISH,Excellent,Excellent,OTHERS,HOUSE_WIFE
507,Average,female,OBC,NO,ONE,SEBA,AHSEC,ENGLISH,Excellent,Excellent,BUSINESS,HOUSE_WIFE
508,Average,male,OBC,WA,THREE,SEBA,AHSEC,ASSAMESE,Vg,Good,BUSINESS,HOUSE_WIFE
509,Average,male,OBC,OA,TWO,CBSE,CBSE,ENGLISH,Excellent,Excellent,DOCTOR,OTHERS
510,Average,female,OBC,WA,TWO,SEBA,AHSEC,ASSAMESE,Excellent,Excellent,OTHERS,HOUSE_WIFE
511,Average,male,OBC,WA,TWO,SEBA,AHSEC,ENGLISH,Vg,Vg,OTHERS,OTHERS
512,Average,female,OBC,WA,TWO,SEBA,AHSEC,ENGLISH,Excellent,Excellent,OTHERS,HOUSE_WIFE
513,Average,female,OBC,NO,TWO,SEBA,AHSEC,ASSAMESE,Vg,Good,OTHERS,HOUSE_WIFE
514,Average,male,OBC,NO,TWO,CBSE,CBSE,ENGLISH,Excellent,Excellent,SCHOOL_TEACHER,HOUSE_WIFE
515,Average,female,OBC,WA,ONE,CBSE,CBSE,ENGLISH,Excellent,Excellent,OTHERS,HOUSE_WIFE
516,Average,male,OBC,WA,TWO,SEBA,AHSEC,ENGLISH,Excellent,Vg,BUSINESS,HOUSE_WIFE
517,Average,male,OBC,NO,TWO,SEBA,AHSEC,ENGLISH,Vg,Vg,OTHERS,HOUSE_WIFE
518,Average,male,OBC,WA,ONE,SEBA,CBSE,ENGLISH,Vg,Vg,BUSINESS,HOUSE_WIFE
519,Average,male,OBC,WA,THREE,CBSE,CBSE,ENGLISH,Excellent,Good,OTHERS,OTHERS
520,Average,male,OBC,NO,FOUR,SEBA,AHSEC,OTHERS,Vg,Average,SCHOOL_TEACHER,HOUSE_WIFE
521,Average,female,OBC,NO,ONE,SEBA,AHSEC,ENGLISH,Excellent,Excellent,OTHERS,SCHOOL_TEACHER
522,Average,male,OBC,WA,TWO,SEBA,AHSEC,ASSAMESE,Excellent,Vg,OTHERS,HOUSE_WIFE
523,Average,male,OBC,NO,TWO,SEBA,AHSEC,ASSAMESE,Excellent,Excellent,BUSINESS,SCHOOL_TEACHER
524,Good,female,SC,WA,THREE,CBSE,CBSE,ENGLISH,Excellent,Excellent,OTHERS,HOUSE_WIFE
525,Good,male,SC,WA,THREE,SEBA,AHSEC,ENGLISH,Vg,Good,SCHOOL_TEACHER,HOUSE_WIFE
526,Good,female,SC,WA,TWO,SEBA,AHSEC,ENGLISH,Excellent,Vg,BUSINESS,HOUSE_WIFE
527,Good,female,SC,NO,TWO,SEBA,AHSEC,OTHERS,Excellent,Excellent,ENGINEER,HOUSE_WIFE
528,Good,female,SC,OA,TWO,SEBA,AHSEC,ENGLISH,Excellent,Vg,OTHERS,HOUSE_WIFE
529,Good,female,SC,WA,THREE,SEBA,AHSEC,ENGLISH,Vg,Vg,OTHERS,HOUSE_WIFE
530,Good,male,SC,WA,TWO,CBSE,CBSE,ENGLISH,Excellent,Excellent,CULTIVATOR,HOUSE_WIFE
531,Average,female,SC,NO,TWO,CBSE,CBSE,ENGLISH,Excellent,Excellent,ENGINEER,HOUSE_WIFE
532,Average,female,SC,WA,TWO,CBSE,CBSE,ENGLISH,Excellent,Excellent,OTHERS,HOUSE_WIFE
533,Average,female,SC,WA,THREE,SEBA,AHSEC,ENGLISH,Excellent,Excellent,BUSINESS,HOUSE_WIFE
534,Average,male,SC,WA,ONE,SEBA,AHSEC,ASSAMESE,Good,Good,OTHERS,HOUSE_WIFE
535,Average,female,SC,WA,TWO,SEBA,AHSEC,ENGLISH,Excellent,Excellent,OTHERS,HOUSE_WIFE
536,Average,female,SC,WA,THREE,SEBA,AHSEC,ASSAMESE,Good,Good,SCHOOL_TEACHER,HOUSE_WIFE
537,Average,female,SC,WA,ONE,SEBA,CBSE,ENGLISH,Excellent,Excellent,BUSINESS,HOUSE_WIFE
538,Average,female,SC,WA,THREE,CBSE,CBSE,ENGLISH,Vg,Vg,BANK_OFFICIAL,OTHERS
539,Average,female,SC,NO,ONE,SEBA,AHSEC,ASSAMESE,Excellent,Excellent,OTHERS,HOUSE_WIFE
540,Average,female,SC,NO,TWO,SEBA,AHSEC,ASSAMESE,Average,Good,BUSINESS,HOUSE_WIFE
541,Average,male,SC,NO,ONE,CBSE,CBSE,ENGLISH,Excellent,Excellent,OTHERS,HOUSE_WIFE
542,Average,female,SC,NO,TWO,CBSE,CBSE,ENGLISH,Excellent,Excellent,OTHERS,OTHERS
543,Average,female,SC,WA,TWO,SEBA,AHSEC,ENGLISH,Excellent,Vg,BUSINESS,HOUSE_WIFE
544,Average,male,SC,WA,TWO,CBSE,CBSE,ENGLISH,Excellent,Excellent,OTHERS,HOUSE_WIFE
545,Average,male,SC,WA,TWO,SEBA,AHSEC,ASSAMESE,Vg,Vg,CULTIVATOR,HOUSE_WIFE
546,Average,male,SC,WA,TWO,CBSE,CBSE,ENGLISH,Excellent,Good,SCHOOL_TEACHER,OTHERS
547,Average,male,SC,WA,TWO,SEBA,AHSEC,ENGLISH,Excellent,Excellent,BUSINESS,SCHOOL_TEACHER
548,Average,female,SC,WA,TWO,SEBA,AHSEC,ENGLISH,Excellent,Vg,OTHERS,HOUSE_WIFE
549,Average,male,SC,NO,ONE,SEBA,CBSE,ENGLISH,Excellent,Excellent,BUSINESS,HOUSE_WIFE
550,Average,female,SC,WA,TWO,SEBA,AHSEC,OTHERS,Excellent,Vg,SCHOOL_TEACHER,HOUSE_WIFE
551,Average,male,SC,NO,ONE,SEBA,AHSEC,ENGLISH,Excellent,Excellent,OTHERS,OTHERS
552,Average,male,SC,NO,TWO,SEBA,AHSEC,ENGLISH,Vg,Vg,OTHERS,HOUSE_WIFE
553,Average,female,SC,NO,TWO,SEBA,CBSE,ENGLISH,Vg,Vg,DOCTOR,SCHOOL_TEACHER
554,Average,female,SC,WA,THREE,SEBA,AHSEC,OTHERS,Good,Good,SCHOOL_TEACHER,OTHERS
555,Average,female,SC,WA,TWO,SEBA,CBSE,ENGLISH,Vg,Excellent,OTHERS,HOUSE_WIFE
556,Average,female,SC,WA,TWO,SEBA,AHSEC,ENGLISH,Excellent,Vg,OTHERS,OTHERS
557,Average,male,SC,WA,TWO,SEBA,AHSEC,ENGLISH,Excellent,Vg,OTHERS,SCHOOL_TEACHER
558,Average,male,SC,WA,TWO,SEBA,AHSEC,ASSAMESE,Excellent,Vg,SCHOOL_TEACHER,HOUSE_WIFE
559,Average,female,SC,WA,ONE,CBSE,CBSE,ENGLISH,Excellent,Excellent,ENGINEER,HOUSE_WIFE
560,Average,male,SC,NO,ONE,SEBA,AHSEC,ENGLISH,Excellent,Excellent,BUSINESS,HOUSE_WIFE
561,Average,male,SC,WA,TWO,SEBA,AHSEC,ASSAMESE,Excellent,Excellent,ENGINEER,HOUSE_WIFE
562,Good,male,ST,WA,TWO,SEBA,AHSEC,ASSAMESE,Excellent,Excellent,SCHOOL_TEACHER,SCHOOL_TEACHER
563,Good,female,ST,WA,TWO,CBSE,CBSE,ENGLISH,Excellent,Vg,BUSINESS,HOUSE_WIFE
564,Good,female,ST,WA,TWO,SEBA,AHSEC,ENGLISH,Vg,Vg,BANK_OFFICIAL,HOUSE_WIFE
565,Average,female,ST,WA,TWO,SEBA,CBSE,ENGLISH,Vg,Vg,BUSINESS,HOUSE_WIFE
566,Average,male,ST,OA,TWO,CBSE,CBSE,ENGLISH,Excellent,Excellent,OTHERS,SCHOOL_TEACHER
567,Average,male,ST,NO,ONE,CBSE,CBSE,ENGLISH,Excellent,Excellent,SCHOOL_TEACHER,SCHOOL_TEACHER
568,Average,male,ST,NO,THREE,SEBA,AHSEC,ENGLISH,Vg,Vg,SCHOOL_TEACHER,SCHOOL_TEACHER
569,Average,male,ST,WA,TWO,CBSE,CBSE,ENGLISH,Excellent,Vg,OTHERS,HOUSE_WIFE
570,Average,female,ST,WA,ONE,CBSE,CBSE,ENGLISH,Excellent,Vg,OTHERS,SCHOOL_TEACHER
571,Average,female,ST,WA,TWO,SEBA,CBSE,ENGLISH,Excellent,Excellent,DOCTOR,COLLEGE_TEACHER
572,Average,female,ST,WA,ONE,SEBA,AHSEC,ENGLISH,Excellent,Excellent,OTHERS,HOUSE_WIFE
573,Average,female,ST,WA,TWO,CBSE,CBSE,ENGLISH,Excellent,Excellent,OTHERS,HOUSE_WIFE
574,Average,male,ST,WA,ONE,SEBA,AHSEC,ENGLISH,Good,Good,ENGINEER,SCHOOL_TEACHER
575,Average,male,ST,WA,ONE,SEBA,CBSE,ENGLISH,Excellent,Excellent,OTHERS,HOUSE_WIFE
576,Average,female,ST,WA,TWO,SEBA,AHSEC,ENGLISH,Excellent,Vg,SCHOOL_TEACHER,HOUSE_WIFE
577,Average,male,ST,NO,ONE,CBSE,CBSE,ENGLISH,Excellent,Excellent,CULTIVATOR,HOUSE_WIFE
578,Average,female,ST,WA,TWO,SEBA,AHSEC,ENGLISH,Vg,Vg,BANK_OFFICIAL,HOUSE_WIFE
579,Average,male,ST,WA,TWO,CBSE,CBSE,ENGLISH,Excellent,Vg,CULTIVATOR,HOUSE_WIFE
580,Average,female,ST,WA,THREE,CBSE,CBSE,ENGLISH,Excellent,Good,ENGINEER,BUSINESS
581,Average,male,ST,WA,TWO,SEBA,AHSEC,ENGLISH,Excellent,Excellent,OTHERS,HOUSE_WIFE
582,Average,male,ST,OA,TWO,CBSE,CBSE,ENGLISH,Excellent,Vg,BUSINESS,SCHOOL_TEACHER
583,Average,female,ST,WA,TWO,SEBA,AHSEC,ENGLISH,Vg,Vg,DOCTOR,HOUSE_WIFE
584,Average,female,ST,WA,TWO,CBSE,CBSE,ENGLISH,Vg,Vg,OTHERS,HOUSE_WIFE
585,Average,female,ST,WA,TWO,SEBA,AHSEC,ENGLISH,Excellent,Excellent,SCHOOL_TEACHER,HOUSE_WIFE
586,Average,male,ST,WA,TWO,CBSE,CBSE,ENGLISH,Excellent,Good,OTHERS,HOUSE_WIFE
587,Average,female,ST,WA,TWO,OTHERS,OTHERS,ENGLISH,Excellent,Excellent,DOCTOR,COLLEGE_TEACHER
588,Average,female,ST,WA,TWO,SEBA,AHSEC,ASSAMESE,Excellent,Vg,OTHERS,OTHERS
589,Average,male,ST,OA,ONE,CBSE,CBSE,ENGLISH,Excellent,Excellent,OTHERS,HOUSE_WIFE
590,Average,female,ST,NO,TWO,CBSE,CBSE,ENGLISH,Excellent,Excellent,BANK_OFFICIAL,HOUSE_WIFE
591,Average,male,ST,WA,TWO,SEBA,AHSEC,ASSAMESE,Excellent,Vg,BANK_OFFICIAL,HOUSE_WIFE
592,Average,female,ST,WA,ONE,SEBA,AHSEC,OTHERS,Average,Vg,OTHERS,HOUSE_WIFE
593,Average,male,ST,NO,ONE,SEBA,AHSEC,ENGLISH,Excellent,Excellent,OTHERS,OTHERS
594,Average,female,ST,WA,TWO,CBSE,CBSE,ENGLISH,Excellent,Good,ENGINEER,HOUSE_WIFE
595,Average,male,ST,WA,TWO,CBSE,CBSE,ENGLISH,Excellent,Excellent,CULTIVATOR,HOUSE_WIFE
596,Average,male,ST,WA,TWO,SEBA,AHSEC,ASSAMESE,Excellent,Excellent,CULTIVATOR,HOUSE_WIFE
597,Average,female,ST,WA,THREE,SEBA,AHSEC,ENGLISH,Vg,Average,OTHERS,HOUSE_WIFE
598,Average,male,ST,NO,TWO,CBSE,CBSE,ENGLISH,Vg,Good,CULTIVATOR,HOUSE_WIFE
599,Average,male,ST,WA,ONE,SEBA,AHSEC,ENGLISH,Average,Good,OTHERS,HOUSE_WIFE
600,Average,female,ST,OA,TWO,CBSE,CBSE,ENGLISH,Excellent,Vg,OTHERS,HOUSE_WIFE
601,Average,female,ST,WA,THREE,CBSE,CBSE,ENGLISH,Excellent,Vg,BANK_OFFICIAL,HOUSE_WIFE
602,Average,female,ST,WA,TWO,SEBA,AHSEC,ASSAMESE,Excellent,Excellent,SCHOOL_TEACHER,SCHOOL_TEACHER
603,Average,male,ST,OA,THREE,CBSE,CBSE,ENGLISH,Vg,Excellent,OTHERS,HOUSE_WIFE
604,Average,female,ST,WA,TWO,SEBA,AHSEC,ENGLISH,Excellent,Vg,OTHERS,HOUSE_WIFE
605,Average,female,ST,WA,TWO,SEBA,AHSEC,ENGLISH,Excellent,Vg,COLLEGE_TEACHER,HOUSE_WIFE
606,Average,female,ST,WA,TWO,SEBA,AHSEC,ENGLISH,Excellent,Good,SCHOOL_TEACHER,HOUSE_WIFE
607,Average,male,ST,WA,TWO,CBSE,CBSE,ENGLISH,Excellent,Vg,SCHOOL_TEACHER,HOUSE_WIFE
608,Average,male,ST,NO,ONE,SEBA,AHSEC,ENGLISH,Average,Average,OTHERS,HOUSE_WIFE
609,Average,male,ST,NO,THREE,CBSE,CBSE,ENGLISH,Excellent,Good,OTHERS,HOUSE_WIFE
610,Average,male,ST,NO,ONE,SEBA,AHSEC,ASSAMESE,Vg,Good,CULTIVATOR,HOUSE_WIFE
611,Average,female,ST,WA,TWO,SEBA,AHSEC,ENGLISH,Excellent,Vg,OTHERS,HOUSE_WIFE
612,Average,female,ST,WA,TWO,SEBA,AHSEC,ENGLISH,Vg,Vg,OTHERS,HOUSE_WIFE
613,Average,male,ST,NO,ONE,SEBA,AHSEC,ENGLISH,Good,Vg,OTHERS,HOUSE_WIFE
614,Average,male,ST,WA,TWO,SEBA,AHSEC,ENGLISH,Vg,Vg,SCHOOL_TEACHER,HOUSE_WIFE
615,Average,male,ST,WA,TWO,CBSE,CBSE,ENGLISH,Excellent,Vg,OTHERS,HOUSE_WIFE
616,Average,male,ST,WA,TWO,CBSE,CBSE,ENGLISH,Excellent,Vg,OTHERS,HOUSE_WIFE
617,Average,male,ST,WA,TWO,SEBA,AHSEC,ENGLISH,Excellent,Good,OTHERS,HOUSE_WIFE
618,Average,male,ST,NO,ONE,CBSE,CBSE,ENGLISH,Excellent,Excellent,SCHOOL_TEACHER,HOUSE_WIFE
619,Average,female,ST,WA,ONE,CBSE,CBSE,ENGLISH,Excellent,Excellent,ENGINEER,OTHERS
620,Average,male,ST,NO,THREE,CBSE,CBSE,ENGLISH,Excellent,Excellent,OTHERS,HOUSE_WIFE
621,Average,female,ST,WA,TWO,SEBA,AHSEC,ENGLISH,Excellent,Vg,CULTIVATOR,OTHERS
622,Average,female,ST,WA,TWO,CBSE,CBSE,ENGLISH,Excellent,Excellent,OTHERS,HOUSE_WIFE
623,Average,female,ST,WA,TWO,CBSE,CBSE,ENGLISH,Excellent,Vg,ENGINEER,HOUSE_WIFE
624,Average,female,ST,WA,TWO,CBSE,CBSE,ENGLISH,Excellent,Good,OTHERS,HOUSE_WIFE
625,Average,male,ST,WA,TWO,CBSE,CBSE,ENGLISH,Vg,Vg,OTHERS,HOUSE_WIFE
626,Average,male,ST,OA,TWO,CBSE,CBSE,ENGLISH,Excellent,Vg,CULTIVATOR,HOUSE_WIFE
627,Average,female,ST,WA,ONE,SEBA,AHSEC,ENGLISH,Excellent,Excellent,SCHOOL_TEACHER,SCHOOL_TEACHER
628,Average,male,ST,NO,TWO,SEBA,AHSEC,ENGLISH,Average,Good,BUSINESS,HOUSE_WIFE
629,Average,male,ST,NO,ONE,SEBA,AHSEC,ASSAMESE,Average,Average,CULTIVATOR,HOUSE_WIFE
630,Average,male,ST,NO,ONE,SEBA,AHSEC,ENGLISH,Excellent,Excellent,DOCTOR,HOUSE_WIFE
631,Average,male,ST,OA,ONE,CBSE,CBSE,ENGLISH,Vg,Excellent,SCHOOL_TEACHER,OTHERS
632,Average,male,ST,WA,ONE,CBSE,CBSE,ENGLISH,Excellent,Vg,ENGINEER,HOUSE_WIFE
633,Average,male,ST,WA,TWO,SEBA,AHSEC,ENGLISH,Good,Good,OTHERS,HOUSE_WIFE
634,Average,male,ST,WA,ONE,SEBA,AHSEC,ENGLISH,Excellent,Excellent,OTHERS,OTHERS
635,Average,female,ST,NO,ONE,CBSE,CBSE,ENGLISH,Excellent,Excellent,OTHERS,DOCTOR
636,Average,female,ST,WA,TWO,SEBA,AHSEC,ENGLISH,Excellent,Vg,OTHERS,SCHOOL_TEACHER
637,Average,male,ST,WA,TWO,CBSE,AHSEC,ENGLISH,Good,Good,OTHERS,SCHOOL_TEACHER
638,Average,female,ST,WA,ONE,SEBA,AHSEC,ENGLISH,Vg,Good,ENGINEER,HOUSE_WIFE
639,Average,male,ST,WA,TWO,SEBA,AHSEC,ENGLISH,Vg,Vg,OTHERS,HOUSE_WIFE
640,Average,male,ST,NO,THREE,SEBA,AHSEC,ENGLISH,Good,Average,CULTIVATOR,HOUSE_WIFE
641,Average,female,ST,WA,TWO,OTHERS,OTHERS,ENGLISH,Vg,Vg,SCHOOL_TEACHER,HOUSE_WIFE
642,Average,female,ST,WA,ONE,SEBA,AHSEC,ENGLISH,Vg,Vg,OTHERS,SCHOOL_TEACHER
643,Average,male,ST,WA,THREE,CBSE,CBSE,ENGLISH,Vg,Vg,BANK_OFFICIAL,HOUSE_WIFE
644,Average,female,ST,WA,ONE,SEBA,AHSEC,ENGLISH,Vg,Vg,BUSINESS,DOCTOR
645,Average,female,ST,WA,FOUR,SEBA,AHSEC,ASSAMESE,Vg,Good,CULTIVATOR,HOUSE_WIFE
646,Average,male,ST,NO,ONE,SEBA,AHSEC,ENGLISH,Average,Good,BUSINESS,OTHERS
647,Average,male,ST,WA,TWO,SEBA,AHSEC,ENGLISH,Good,Good,OTHERS,SCHOOL_TEACHER
648,Average,male,ST,WA,TWO,SEBA,AHSEC,ENGLISH,Vg,Good,OTHERS,HOUSE_WIFE
649,Average,female,ST,WA,THREE,SEBA,AHSEC,ENGLISH,Good,Good,SCHOOL_TEACHER,HOUSE_WIFE
650,Average,male,ST,WA,THREE,SEBA,AHSEC,ENGLISH,Good,Good,SCHOOL_TEACHER,HOUSE_WIFE
651,Average,female,ST,OA,THREE,OTHERS,OTHERS,ENGLISH,Good,Good,CULTIVATOR,HOUSE_WIFE
652,Average,female,ST,WA,TWO,SEBA,AHSEC,ENGLISH,Good,Good,OTHERS,HOUSE_WIFE
653,Average,female,ST,NO,THREE,SEBA,AHSEC,ENGLISH,Average,Average,SCHOOL_TEACHER,HOUSE_WIFE
654,Average,male,ST,WA,ONE,CBSE,CBSE,ENGLISH,Excellent,Excellent,OTHERS,SCHOOL_TEACHER
655,Average,female,ST,WA,TWO,SEBA,AHSEC,ENGLISH,Vg,Vg,OTHERS,OTHERS
656,Average,male,ST,NO,ONE,SEBA,AHSEC,ENGLISH,Vg,Vg,CULTIVATOR,OTHERS
657,Average,female,ST,WA,TWO,CBSE,AHSEC,ENGLISH,Excellent,Good,BUSINESS,HOUSE_WIFE
658,Average,female,ST,WA,TWO,SEBA,AHSEC,ENGLISH,Excellent,Vg,OTHERS,OTHERS
659,Average,female,ST,NO,ONE,SEBA,AHSEC,ENGLISH,Vg,Good,BUSINESS,SCHOOL_TEACHER
660,Average,female,ST,WA,TWO,SEBA,CBSE,ENGLISH,Good,Vg,DOCTOR,SCHOOL_TEACHER
661,Average,female,ST,WA,ONE,SEBA,AHSEC,ENGLISH,Good,Vg,OTHERS,HOUSE_WIFE
662,Average,male,ST,WA,THREE,SEBA,AHSEC,ENGLISH,Vg,Good,CULTIVATOR,HOUSE_WIFE
663,Average,male,ST,WA,TWO,SEBA,CBSE,ENGLISH,Good,Vg,OTHERS,SCHOOL_TEACHER
664,Average,male,ST,WA,THREE,SEBA,AHSEC,ENGLISH,Good,Good,SCHOOL_TEACHER,HOUSE_WIFE
665,Average,female,ST,NO,ONE,SEBA,CBSE,ENGLISH,Vg,Good,BUSINESS,OTHERS
